Simulation Time,Node,Contetion Size
0.079128589155,accessPoint,31
0.142617084971,wirelessHost[1],15
0.142655579242,accessPoint,31
0.179128589155,accessPoint,31
0.279128589155,accessPoint,31
0.342565603345,wirelessHost[2],15
0.342604406108,accessPoint,31
0.379128589155,accessPoint,31
0.399570875405,wirelessHost[0],15
0.399609230249,accessPoint,31
0.442617084971,wirelessHost[1],15
0.442659579242,accessPoint,31
0.443016073513,wirelessHost[1],15
0.443272567784,accessPoint,31
0.443889062055,wirelessHost[1],15
0.444225556326,accessPoint,31
0.479128589155,accessPoint,31
0.579128589155,accessPoint,31
0.642565603345,wirelessHost[2],15
0.642608406108,accessPoint,31
0.642865208871,wirelessHost[2],15
0.643102011634,accessPoint,31
0.643858814397,wirelessHost[2],15
0.64415561716,accessPoint,31
0.679128589155,accessPoint,31
0.699570875405,wirelessHost[0],15
0.699613230249,accessPoint,31
0.699969585093,wirelessHost[0],15
0.700385939937,accessPoint,31
0.701062294781,wirelessHost[0],15
0.701258649625,accessPoint,31
0.779128589155,accessPoint,31
0.879128589155,accessPoint,31
0.979128589155,accessPoint,31
1,wirelessHost[0],15
1,wirelessHost[1],15
1,wirelessHost[2],15
1.0000298,accessPoint,31
1.000926,wirelessHost[0],31
1.000926,wirelessHost[1],31
1.000926,wirelessHost[2],31
1.003264354844,accessPoint,31
1.004058354844,accessPoint,31
1.007375303756,wirelessHost[0],15
1.0076896586,accessPoint,31
1.0109316586,accessPoint,31
1.012010152871,wirelessHost[1],15
1.012324647142,accessPoint,31
1.013118647142,accessPoint,31
1.016346438447,wirelessHost[2],15
1.079128589155,accessPoint,31
1.179128589155,accessPoint,31
1.279128589155,accessPoint,31
1.379128589155,accessPoint,31
1.479128589155,accessPoint,31
1.579128589155,accessPoint,31
1.679128589155,accessPoint,31
1.779128589155,accessPoint,31
1.879128589155,accessPoint,31
1.979128589155,accessPoint,31
2,wirelessHost[0],15
2,wirelessHost[1],15
2,wirelessHost[2],15
2.001726,wirelessHost[0],31
2.001726,wirelessHost[1],31
2.001726,wirelessHost[2],31
2.005823157607,wirelessHost[0],63
2.005823297034,wirelessHost[1],63
2.079128589155,accessPoint,31
2.179128589155,accessPoint,31
2.279128589155,accessPoint,31
2.379128589155,accessPoint,31
2.479128589155,accessPoint,31
2.579128589155,accessPoint,31
2.679128589155,accessPoint,31
2.779128589155,accessPoint,31
2.879128589155,accessPoint,31
2.979128589155,accessPoint,31
3,wirelessHost[0],15
3,wirelessHost[1],15
3,wirelessHost[2],15
3.001726,wirelessHost[0],31
3.001726,wirelessHost[1],31
3.001726,wirelessHost[2],31
3.079128589155,accessPoint,31
3.179128589155,accessPoint,31
3.279128589155,accessPoint,31
3.379128589155,accessPoint,31
3.479128589155,accessPoint,31
3.579128589155,accessPoint,31
3.679128589155,accessPoint,31
3.779128589155,accessPoint,31
3.879128589155,accessPoint,31
3.979128589155,accessPoint,31
4,wirelessHost[0],15
4,wirelessHost[1],15
4,wirelessHost[2],15
4.001726,wirelessHost[0],31
4.001726,wirelessHost[1],31
4.001726,wirelessHost[2],31
4.079128589155,accessPoint,31
4.179128589155,accessPoint,31
4.279128589155,accessPoint,31
4.379128589155,accessPoint,31
4.479128589155,accessPoint,31
4.579128589155,accessPoint,31
4.679128589155,accessPoint,31
4.779128589155,accessPoint,31
4.879128589155,accessPoint,31
4.979128589155,accessPoint,31
5,wirelessHost[0],15
5,wirelessHost[1],15
5,wirelessHost[2],15
5.001726,wirelessHost[0],31
5.001726,wirelessHost[1],31
5.001726,wirelessHost[2],31
5.079128589155,accessPoint,31
5.179128589155,accessPoint,31
5.279128589155,accessPoint,31
5.379128589155,accessPoint,31
5.479128589155,accessPoint,31
5.579128589155,accessPoint,31
5.679128589155,accessPoint,31
5.779128589155,accessPoint,31
5.879128589155,accessPoint,31
5.979128589155,accessPoint,31
6,wirelessHost[0],15
6,wirelessHost[1],15
6,wirelessHost[2],15
6.001726,wirelessHost[0],31
6.001726,wirelessHost[1],31
6.001726,wirelessHost[2],31
6.079128589155,accessPoint,31
6.179128589155,accessPoint,31
6.279128589155,accessPoint,31
6.379128589155,accessPoint,31
6.479128589155,accessPoint,31
6.579128589155,accessPoint,31
6.679128589155,accessPoint,31
6.779128589155,accessPoint,31
6.879128589155,accessPoint,31
6.979128589155,accessPoint,31
7,wirelessHost[0],15
7,wirelessHost[1],15
7,wirelessHost[2],15
7.001726,wirelessHost[0],31
7.001726,wirelessHost[1],31
7.001726,wirelessHost[2],31
7.079128589155,accessPoint,31
7.179128589155,accessPoint,31
7.279128589155,accessPoint,31
7.379128589155,accessPoint,31
7.479128589155,accessPoint,31
7.579128589155,accessPoint,31
7.679128589155,accessPoint,31
7.779128589155,accessPoint,31
7.879128589155,accessPoint,31
7.979128589155,accessPoint,31
8,wirelessHost[0],15
8,wirelessHost[1],15
8,wirelessHost[2],15
8.001726,wirelessHost[0],31
8.001726,wirelessHost[1],31
8.001726,wirelessHost[2],31
8.079128589155,accessPoint,31
8.179128589155,accessPoint,31
8.279128589155,accessPoint,31
8.379128589155,accessPoint,31
8.479128589155,accessPoint,31
8.579128589155,accessPoint,31
8.679128589155,accessPoint,31
8.779128589155,accessPoint,31
8.879128589155,accessPoint,31
8.979128589155,accessPoint,31
9,wirelessHost[0],15
9,wirelessHost[1],15
9,wirelessHost[2],15
9.001726,wirelessHost[0],31
9.001726,wirelessHost[1],31
9.001726,wirelessHost[2],31
9.079128589155,accessPoint,31
9.179128589155,accessPoint,31
9.279128589155,accessPoint,31
9.379128589155,accessPoint,31
9.479128589155,accessPoint,31
9.579128589155,accessPoint,31
9.679128589155,accessPoint,31
9.779128589155,accessPoint,31
9.879128589155,accessPoint,31
9.979128589155,accessPoint,31
10,wirelessHost[0],15
10,wirelessHost[1],15
10,wirelessHost[2],15
10.001726,wirelessHost[0],31
10.001726,wirelessHost[1],31
10.001726,wirelessHost[2],31
10.079128589155,accessPoint,31
10.179128589155,accessPoint,31
10.279128589155,accessPoint,31
10.379128589155,accessPoint,31
10.479128589155,accessPoint,31
10.579128589155,accessPoint,31
10.679128589155,accessPoint,31
10.779128589155,accessPoint,31
10.879128589155,accessPoint,31
10.979128589155,accessPoint,31
11,wirelessHost[0],15
11,wirelessHost[1],15
11,wirelessHost[2],15
11.001726,wirelessHost[0],31
11.001726,wirelessHost[1],31
11.001726,wirelessHost[2],31
11.079128589155,accessPoint,31
11.179128589155,accessPoint,31
11.279128589155,accessPoint,31
11.379128589155,accessPoint,31
11.479128589155,accessPoint,31
11.579128589155,accessPoint,31
11.679128589155,accessPoint,31
11.779128589155,accessPoint,31
11.879128589155,accessPoint,31
11.979128589155,accessPoint,31
12,wirelessHost[0],15
12,wirelessHost[1],15
12,wirelessHost[2],15
12.001726,wirelessHost[0],31
12.001726,wirelessHost[1],31
12.001726,wirelessHost[2],31
12.079128589155,accessPoint,31
12.179128589155,accessPoint,31
12.279128589155,accessPoint,31
12.379128589155,accessPoint,31
12.479128589155,accessPoint,31
12.579128589155,accessPoint,31
12.679128589155,accessPoint,31
12.779128589155,accessPoint,31
12.879128589155,accessPoint,31
12.979128589155,accessPoint,31
13,wirelessHost[0],15
13,wirelessHost[1],15
13,wirelessHost[2],15
13.001726,wirelessHost[0],31
13.001726,wirelessHost[1],31
13.001726,wirelessHost[2],31
13.079128589155,accessPoint,31
13.179128589155,accessPoint,31
13.279128589155,accessPoint,31
13.379128589155,accessPoint,31
13.479128589155,accessPoint,31
13.579128589155,accessPoint,31
13.679128589155,accessPoint,31
13.779128589155,accessPoint,31
13.879128589155,accessPoint,31
13.979128589155,accessPoint,31
14,wirelessHost[0],15
14,wirelessHost[1],15
14,wirelessHost[2],15
14.001726,wirelessHost[0],31
14.001726,wirelessHost[1],31
14.001726,wirelessHost[2],31
14.079128589155,accessPoint,31
14.179128589155,accessPoint,31
14.279128589155,accessPoint,31
14.379128589155,accessPoint,31
14.479128589155,accessPoint,31
14.579128589155,accessPoint,31
14.679128589155,accessPoint,31
14.779128589155,accessPoint,31
14.879128589155,accessPoint,31
14.979128589155,accessPoint,31
15,wirelessHost[0],15
15,wirelessHost[1],15
15,wirelessHost[2],15
15.001726,wirelessHost[0],31
15.001726,wirelessHost[1],31
15.001726,wirelessHost[2],31
15.079128589155,accessPoint,31
15.179128589155,accessPoint,31
15.279128589155,accessPoint,31
15.379128589155,accessPoint,31
15.479128589155,accessPoint,31
15.579128589155,accessPoint,31
15.679128589155,accessPoint,31
15.779128589155,accessPoint,31
15.879128589155,accessPoint,31
15.979128589155,accessPoint,31
16,wirelessHost[0],15
16,wirelessHost[1],15
16,wirelessHost[2],15
16.001726,wirelessHost[0],31
16.001726,wirelessHost[1],31
16.001726,wirelessHost[2],31
16.079128589155,accessPoint,31
16.179128589155,accessPoint,31
16.279128589155,accessPoint,31
16.379128589155,accessPoint,31
16.479128589155,accessPoint,31
16.579128589155,accessPoint,31
16.679128589155,accessPoint,31
16.779128589155,accessPoint,31
16.879128589155,accessPoint,31
16.979128589155,accessPoint,31
17,wirelessHost[0],15
17,wirelessHost[1],15
17,wirelessHost[2],15
17.001726,wirelessHost[0],31
17.001726,wirelessHost[1],31
17.001726,wirelessHost[2],31
17.079128589155,accessPoint,31
17.179128589155,accessPoint,31
17.279128589155,accessPoint,31
17.379128589155,accessPoint,31
17.479128589155,accessPoint,31
17.579128589155,accessPoint,31
17.679128589155,accessPoint,31
17.779128589155,accessPoint,31
17.879128589155,accessPoint,31
17.979128589155,accessPoint,31
18,wirelessHost[0],15
18,wirelessHost[1],15
18,wirelessHost[2],15
18.001726,wirelessHost[0],31
18.001726,wirelessHost[1],31
18.001726,wirelessHost[2],31
18.079128589155,accessPoint,31
18.179128589155,accessPoint,31
18.279128589155,accessPoint,31
18.379128589155,accessPoint,31
18.479128589155,accessPoint,31
18.579128589155,accessPoint,31
18.679128589155,accessPoint,31
18.779128589155,accessPoint,31
18.879128589155,accessPoint,31
18.979128589155,accessPoint,31
19,wirelessHost[0],15
19,wirelessHost[1],15
19,wirelessHost[2],15
19.001726,wirelessHost[0],31
19.001726,wirelessHost[1],31
19.001726,wirelessHost[2],31
19.005782849115,wirelessHost[1],63
19.005783157607,wirelessHost[2],63
19.079128589155,accessPoint,31
19.179128589155,accessPoint,31
19.279128589155,accessPoint,31
19.379128589155,accessPoint,31
19.479128589155,accessPoint,31
19.579128589155,accessPoint,31
19.679128589155,accessPoint,31
19.779128589155,accessPoint,31
19.879128589155,accessPoint,31
19.979128589155,accessPoint,31
20,wirelessHost[0],15
20,wirelessHost[1],15
20,wirelessHost[2],15
20.001726,wirelessHost[0],31
20.001726,wirelessHost[1],31
20.001726,wirelessHost[2],31
20.079128589155,accessPoint,31
20.179128589155,accessPoint,31
20.279128589155,accessPoint,31
20.379128589155,accessPoint,31
20.479128589155,accessPoint,31
20.579128589155,accessPoint,31
20.679128589155,accessPoint,31
20.779128589155,accessPoint,31
20.879128589155,accessPoint,31
20.979128589155,accessPoint,31
21,wirelessHost[0],15
21,wirelessHost[1],15
21,wirelessHost[2],15
21.001726,wirelessHost[0],31
21.001726,wirelessHost[1],31
21.001726,wirelessHost[2],31
21.079128589155,accessPoint,31
21.179128589155,accessPoint,31
21.279128589155,accessPoint,31
21.379128589155,accessPoint,31
21.479128589155,accessPoint,31
21.579128589155,accessPoint,31
21.679128589155,accessPoint,31
21.779128589155,accessPoint,31
21.879128589155,accessPoint,31
21.979128589155,accessPoint,31
22,wirelessHost[0],15
22,wirelessHost[1],15
22,wirelessHost[2],15
22.001726,wirelessHost[0],31
22.001726,wirelessHost[1],31
22.001726,wirelessHost[2],31
22.079128589155,accessPoint,31
22.179128589155,accessPoint,31
22.279128589155,accessPoint,31
22.379128589155,accessPoint,31
22.479128589155,accessPoint,31
22.579128589155,accessPoint,31
22.679128589155,accessPoint,31
22.779128589155,accessPoint,31
22.879128589155,accessPoint,31
22.979128589155,accessPoint,31
23,wirelessHost[0],15
23,wirelessHost[1],15
23,wirelessHost[2],15
23.001726,wirelessHost[0],31
23.001726,wirelessHost[1],31
23.001726,wirelessHost[2],31
23.006176006722,wirelessHost[2],63
23.079128589155,accessPoint,31
23.179128589155,accessPoint,31
23.279128589155,accessPoint,31
23.379128589155,accessPoint,31
23.479128589155,accessPoint,31
23.579128589155,accessPoint,31
23.679128589155,accessPoint,31
23.779128589155,accessPoint,31
23.879128589155,accessPoint,31
23.979128589155,accessPoint,31
24,wirelessHost[0],15
24,wirelessHost[1],15
24,wirelessHost[2],15
24.001726,wirelessHost[0],31
24.001726,wirelessHost[1],31
24.001726,wirelessHost[2],31
24.079128589155,accessPoint,31
24.179128589155,accessPoint,31
24.279128589155,accessPoint,31
24.379128589155,accessPoint,31
24.479128589155,accessPoint,31
24.579128589155,accessPoint,31
24.679128589155,accessPoint,31
24.779128589155,accessPoint,31
24.879128589155,accessPoint,31
24.979128589155,accessPoint,31
25,wirelessHost[0],15
25,wirelessHost[1],15
25,wirelessHost[2],15
25.001726,wirelessHost[0],31
25.001726,wirelessHost[1],31
25.001726,wirelessHost[2],31
25.079128589155,accessPoint,31
25.179128589155,accessPoint,31
25.279128589155,accessPoint,31
25.379128589155,accessPoint,31
25.479128589155,accessPoint,31
25.579128589155,accessPoint,31
25.679128589155,accessPoint,31
25.779128589155,accessPoint,31
25.879128589155,accessPoint,31
25.979128589155,accessPoint,31
26,wirelessHost[0],15
26,wirelessHost[1],15
26,wirelessHost[2],15
26.001726,wirelessHost[0],31
26.001726,wirelessHost[1],31
26.001726,wirelessHost[2],31
26.079128589155,accessPoint,31
26.179128589155,accessPoint,31
26.279128589155,accessPoint,31
26.379128589155,accessPoint,31
26.479128589155,accessPoint,31
26.579128589155,accessPoint,31
26.679128589155,accessPoint,31
26.779128589155,accessPoint,31
26.879128589155,accessPoint,31
26.979128589155,accessPoint,31
27,wirelessHost[0],15
27,wirelessHost[1],15
27,wirelessHost[2],15
27.001726,wirelessHost[0],31
27.001726,wirelessHost[1],31
27.001726,wirelessHost[2],31
27.079128589155,accessPoint,31
27.179128589155,accessPoint,31
27.279128589155,accessPoint,31
27.379128589155,accessPoint,31
27.479128589155,accessPoint,31
27.579128589155,accessPoint,31
27.679128589155,accessPoint,31
27.779128589155,accessPoint,31
27.879128589155,accessPoint,31
27.979128589155,accessPoint,31
28,wirelessHost[0],15
28,wirelessHost[1],15
28,wirelessHost[2],15
28.001726,wirelessHost[0],31
28.001726,wirelessHost[1],31
28.001726,wirelessHost[2],31
28.079128589155,accessPoint,31
28.179128589155,accessPoint,31
28.279128589155,accessPoint,31
28.379128589155,accessPoint,31
28.479128589155,accessPoint,31
28.579128589155,accessPoint,31
28.679128589155,accessPoint,31
28.779128589155,accessPoint,31
28.879128589155,accessPoint,31
28.979128589155,accessPoint,31
29,wirelessHost[0],15
29,wirelessHost[1],15
29,wirelessHost[2],15
29.001726,wirelessHost[0],31
29.001726,wirelessHost[1],31
29.001726,wirelessHost[2],31
29.003654,wirelessHost[0],63
29.003654,wirelessHost[1],63
29.079128589155,accessPoint,31
29.179128589155,accessPoint,31
29.279128589155,accessPoint,31
29.379128589155,accessPoint,31
29.479128589155,accessPoint,31
29.579128589155,accessPoint,31
29.679128589155,accessPoint,31
29.779128589155,accessPoint,31
29.879128589155,accessPoint,31
29.979128589155,accessPoint,31
30,wirelessHost[0],15
30,wirelessHost[1],15
30,wirelessHost[2],15
30.001726,wirelessHost[0],31
30.001726,wirelessHost[1],31
30.001726,wirelessHost[2],31
30.079128589155,accessPoint,31
30.179128589155,accessPoint,31
30.279128589155,accessPoint,31
30.379128589155,accessPoint,31
30.479128589155,accessPoint,31
30.579128589155,accessPoint,31
30.679128589155,accessPoint,31
30.779128589155,accessPoint,31
30.879128589155,accessPoint,31
30.979128589155,accessPoint,31
31,wirelessHost[0],15
31,wirelessHost[1],15
31,wirelessHost[2],15
31.001726,wirelessHost[0],31
31.001726,wirelessHost[1],31
31.001726,wirelessHost[2],31
31.079128589155,accessPoint,31
31.179128589155,accessPoint,31
31.279128589155,accessPoint,31
31.379128589155,accessPoint,31
31.479128589155,accessPoint,31
31.579128589155,accessPoint,31
31.679128589155,accessPoint,31
31.779128589155,accessPoint,31
31.879128589155,accessPoint,31
31.979128589155,accessPoint,31
32,wirelessHost[0],15
32,wirelessHost[1],15
32,wirelessHost[2],15
32.001726,wirelessHost[0],31
32.001726,wirelessHost[1],31
32.001726,wirelessHost[2],31
32.079128589155,accessPoint,31
32.179128589155,accessPoint,31
32.279128589155,accessPoint,31
32.379128589155,accessPoint,31
32.479128589155,accessPoint,31
32.579128589155,accessPoint,31
32.679128589155,accessPoint,31
32.779128589155,accessPoint,31
32.879128589155,accessPoint,31
32.979128589155,accessPoint,31
33,wirelessHost[0],15
33,wirelessHost[1],15
33,wirelessHost[2],15
33.001726,wirelessHost[0],31
33.001726,wirelessHost[1],31
33.001726,wirelessHost[2],31
33.079128589155,accessPoint,31
33.179128589155,accessPoint,31
33.279128589155,accessPoint,31
33.379128589155,accessPoint,31
33.479128589155,accessPoint,31
33.579128589155,accessPoint,31
33.679128589155,accessPoint,31
33.779128589155,accessPoint,31
33.879128589155,accessPoint,31
33.979128589155,accessPoint,31
34,wirelessHost[0],15
34,wirelessHost[1],15
34,wirelessHost[2],15
34.001726,wirelessHost[0],31
34.001726,wirelessHost[1],31
34.001726,wirelessHost[2],31
34.079128589155,accessPoint,31
34.179128589155,accessPoint,31
34.279128589155,accessPoint,31
34.379128589155,accessPoint,31
34.479128589155,accessPoint,31
34.579128589155,accessPoint,31
34.679128589155,accessPoint,31
34.779128589155,accessPoint,31
34.879128589155,accessPoint,31
34.979128589155,accessPoint,31
35,wirelessHost[0],15
35,wirelessHost[1],15
35,wirelessHost[2],15
35.001726,wirelessHost[0],31
35.001726,wirelessHost[1],31
35.001726,wirelessHost[2],31
35.003594,wirelessHost[1],63
35.003594,wirelessHost[2],63
35.079128589155,accessPoint,31
35.179128589155,accessPoint,31
35.279128589155,accessPoint,31
35.379128589155,accessPoint,31
35.479128589155,accessPoint,31
35.579128589155,accessPoint,31
35.679128589155,accessPoint,31
35.779128589155,accessPoint,31
35.879128589155,accessPoint,31
35.979128589155,accessPoint,31
36,wirelessHost[0],15
36,wirelessHost[1],15
36,wirelessHost[2],15
36.001726,wirelessHost[0],31
36.001726,wirelessHost[1],31
36.001726,wirelessHost[2],31
36.079128589155,accessPoint,31
36.179128589155,accessPoint,31
36.279128589155,accessPoint,31
36.379128589155,accessPoint,31
36.479128589155,accessPoint,31
36.579128589155,accessPoint,31
36.679128589155,accessPoint,31
36.779128589155,accessPoint,31
36.879128589155,accessPoint,31
36.979128589155,accessPoint,31
37,wirelessHost[0],15
37,wirelessHost[1],15
37,wirelessHost[2],15
37.001726,wirelessHost[0],31
37.001726,wirelessHost[1],31
37.001726,wirelessHost[2],31
37.079128589155,accessPoint,31
37.179128589155,accessPoint,31
37.279128589155,accessPoint,31
37.379128589155,accessPoint,31
37.479128589155,accessPoint,31
37.579128589155,accessPoint,31
37.679128589155,accessPoint,31
37.779128589155,accessPoint,31
37.879128589155,accessPoint,31
37.979128589155,accessPoint,31
38,wirelessHost[0],15
38,wirelessHost[1],15
38,wirelessHost[2],15
38.001726,wirelessHost[0],31
38.001726,wirelessHost[1],31
38.001726,wirelessHost[2],31
38.079128589155,accessPoint,31
38.179128589155,accessPoint,31
38.279128589155,accessPoint,31
38.379128589155,accessPoint,31
38.479128589155,accessPoint,31
38.579128589155,accessPoint,31
38.679128589155,accessPoint,31
38.779128589155,accessPoint,31
38.879128589155,accessPoint,31
38.979128589155,accessPoint,31
39,wirelessHost[0],15
39,wirelessHost[1],15
39,wirelessHost[2],15
39.001726,wirelessHost[0],31
39.001726,wirelessHost[1],31
39.001726,wirelessHost[2],31
39.079128589155,accessPoint,31
39.179128589155,accessPoint,31
39.279128589155,accessPoint,31
39.379128589155,accessPoint,31
39.479128589155,accessPoint,31
39.579128589155,accessPoint,31
39.679128589155,accessPoint,31
39.779128589155,accessPoint,31
39.879128589155,accessPoint,31
39.979128589155,accessPoint,31
40,wirelessHost[0],15
40,wirelessHost[1],15
40,wirelessHost[2],15
